<?xml version="1.0" encoding="UTF-8"?>
<!--

    Copyright (c) 2010-2015, openHAB.org and others.

    All rights reserved. This program and the accompanying materials
    are made available under the terms of the Eclipse Public License v1.0
    which accompanies this distribution, and is available at
    http://www.eclipse.org/legal/epl-v10.html

-->
<feature
      id="org.openhab.runtime.feature"
      label="openHAB Runtime"
      version="1.7.0"
      provider-name="openHAB.org">

   <description>
      This features defines all bundles that form the openHAB runtime.
   </description>

   <copyright>
      Copyright (c) 2010-2014, openHAB.org &lt;admin@openhab.org&gt;
   </copyright>

   <license url="%licenseURL">
      %license
   </license>

   <includes
         id="org.eclipse.equinox.server.core"
         version="1.2.0.v20120522-1841-7K7VFO3F7RZHQ_IDVl8S2fpNd"/>

   <includes
         id="org.eclipse.equinox.server.p2"
         version="1.2.0.v20121207-192030-7z7_FfpFTy21Yw5Zoc_fljNHu"/>

   <includes
         id="org.eclipse.jetty.core"
         version="8.1.3.201206060641"/>

   <requires>
      <import plugin="org.eclipse.osgi"/>
      <import plugin="org.eclipse.osgi.services"/>
      <import plugin="org.slf4j.api"/>
      <import plugin="org.apache.commons.io"/>
      <import plugin="org.apache.commons.lang"/>
      <import plugin="org.eclipse.emf.common"/>
      <import plugin="org.eclipse.emf.ecore"/>
      <import plugin="org.antlr.runtime"/>
      <import plugin="javax.servlet" version="2.5.0" match="greaterOrEqual"/>
   </requires>

   <plugin
         id="org.openhab.core.library"
         download-size="41"
         install-size="75"
         version="1.7.0"
         unpack="false"/>

   <plugin
         id="org.openhab.model.core"
         download-size="16"
         install-size="25"
         version="1.7.0"
         unpack="false"/>

   <plugin
         id="org.openhab.model.item"
         download-size="173"
         install-size="441"
         version="1.7.0"
         unpack="false"/>

   <plugin
         id="org.openhab.model.sitemap"
         download-size="1127"
         install-size="3225"
         version="1.7.0"
         unpack="false"/>

   <plugin
         id="org.openhab.ui"
         download-size="130"
         install-size="173"
         version="1.7.0"
         unpack="false"/>

   <plugin
         id="org.openhab.ui.webapp"
         download-size="250"
         install-size="420"
         version="1.7.0"
         unpack="false"/>

   <plugin
         id="org.openhab.config.core"
         download-size="10"
         install-size="16"
         version="1.7.0"
         unpack="false"/>

   <plugin
         id="org.openhab.core"
         download-size="43"
         install-size="73"
         version="1.7.0"
         unpack="false"/>

   <plugin
         id="org.openhab.io.console"
         download-size="11"
         install-size="18"
         version="1.7.0"
         unpack="false"/>

   <plugin
         id="org.openhab.io.monitor"
         download-size="4"
         install-size="4"
         version="1.7.0"
         unpack="false"/>

   <plugin
         id="org.openhab.io.multimedia"
         download-size="107"
         install-size="124"
         version="1.7.0"
         unpack="false"/>

   <plugin
         id="org.openhab.io.net"
         download-size="24"
         install-size="40"
         version="1.7.0"
         unpack="false"/>

   <plugin
         id="org.apache.felix.fileinstall"
         download-size="95"
         install-size="198"
         version="3.2.6"
         unpack="false"/>

   <plugin
         id="org.openhab.core.transform"
         download-size="153"
         install-size="184"
         version="1.7.0"
         unpack="false"/>

   <plugin
         id="org.openhab.core.scheduler"
         download-size="531"
         install-size="571"
         version="1.7.0"
         unpack="false"/>

   <plugin
         id="org.eclipse.equinox.launcher"
         download-size="48"
         install-size="85"
         version="1.3.0.v20120522-1813"
         unpack="false"/>

   <plugin
         id="org.openhab.io.rest"
         download-size="62"
         install-size="121"
         version="1.7.0"
         unpack="false"/>

   <plugin
         id="javax.xml"
         download-size="232"
         install-size="378"
         version="1.3.4.v201005080400"
         unpack="false"/>

   <plugin
         id="javax.xml.bind"
         download-size="115"
         install-size="224"
         version="2.2.0.v201105210648"
         unpack="false"/>

   <plugin
         id="javax.xml.stream"
         download-size="38"
         install-size="69"
         version="1.0.1.v201004272200"
         unpack="false"/>

   <plugin
         id="org.openhab.model.script"
         download-size="238"
         install-size="754"
         version="1.7.0"
         unpack="false"/>

   <plugin
         id="org.openhab.model.rule"
         download-size="282"
         install-size="911"
         version="1.7.0"
         unpack="false"/>

   <plugin
         id="org.openhab.library.tel"
         download-size="6"
         install-size="7"
         version="1.7.0"
         unpack="false"/>

   <plugin
         id="org.openhab.core.autoupdate"
         download-size="9"
         install-size="12"
         version="1.7.0"
         unpack="false"/>

   <plugin
         id="org.openhab.io.servicediscovery"
         download-size="194"
         install-size="208"
         version="1.7.0"
         unpack="false"/>

   <plugin
         id="org.openhab.core.persistence"
         download-size="506"
         install-size="617"
         version="1.7.0"
         unpack="false"/>

   <plugin
         id="org.openhab.model.persistence"
         download-size="229"
         install-size="600"
         version="1.7.0"
         unpack="false"/>

   <plugin
         id="org.openhab.core.scriptengine"
         download-size="10"
         install-size="15"
         version="1.7.0"
         unpack="false"/>
		 
   <plugin
         id="org.apache.felix.gogo.command"
         download-size="56"
         install-size="113"
         version="0.8.0.v201108120515"
         unpack="false"/>

   <plugin
         id="org.apache.felix.gogo.runtime"
         download-size="78"
         install-size="154"
         version="0.10.0.v201209301036"
         unpack="false"/>

   <plugin
         id="org.apache.felix.gogo.shell"
         download-size="59"
         install-size="121"
         version="0.8.0.v201110170705"
         unpack="false"/>

   <plugin
         id="org.eclipse.equinox.console"
         download-size="108"
         install-size="220"
         version="1.0.0.v20120522-1841"
         unpack="false"/>

   <plugin
         id="org.openhab.io.transport.serial"
         download-size="486"
         install-size="515"
         version="1.7.0"/>

   <plugin
         id="org.openhab.io.transport.mqtt"
         download-size="147"
         install-size="174"
         version="1.7.0"
         unpack="false"/>

   <plugin
         id="org.openhab.io.rest.lib"
         download-size="3166"
         install-size="3573"
         version="1.7.0"/>

</feature>
